彜昳柤,僌儖乕僾
僠儑僀僗僊僼僩,2
偦偺傑傫傑偁傫傛,2
偦偺傑傫傑偁傫傛僾儗儈傾儉,2
偦偺傑傫傑偍偰偰僾儗儈傾儉,2
偦偺傑傫傑偁傫傛  杮妚 僞僀僾,2
偦偺傑傫傑偍偰偰  杮妚 僞僀僾,2
庤宍傾乕僩僉乕儂儖僟乕,2
懌宍傾乕僩僉乕儂儖僟乕,2
揤巊偺備傝偐偛,2
揤巊偺備傝偐偛僾儗儈傾儉,2
揤巊偺桿榝,2
揤巊偺桿榝亊俀屄僙僢僩,2
揤巊偺桿榝亊俁屄僙僢僩,2
枮揤偺婸偒,2
 枮揤偺婸偒亊俀屄僙僢僩,2
 枮揤偺婸偒亊俁屄僙僢僩,2
枮揤偺婸偒儈僯,2
僄儞僕僃儖僋儔僂僪,2
 僄儞僕僃儖 僋儔僂僪亊俀屄僙僢僩,2
 僄儞僕僃儖 僋儔僂僪亊俁屄僙僢僩,2
僄儞僕僃儖 儊儌儕乕僘,2
僄儞僕僃儖儊儌儕乕僘亊俀屄僙僢僩,2
僄儞僕僃儖儊儌儕乕僘亊俁屄僙僢僩,2
枹棃傊偺斷,2
榓乣側偛傒乣,2
揤巊偺婸偒,2
揤巊偺婸偒亊俀屄僙僢僩,2
揤巊偺婸偒亊俁屄僙僢僩,2
擑偺嶶曕摴丂,2
 擑偺嶶曕摴亊2屄僙僢僩,2
擑偺嶶曕摴亊俁屄僙僢僩,2
枹棃傊偺壦偗嫶,2
枹棃傊偺壦偗嫶亊俁屄僙僢僩,2
枹棃傊偺壦偗嫶亊俀屄僙僢僩,2
偦偺傑傫傑僆僽僕僃,2
偦偺傑傫傑僆僽僕僃 僼僅僩僼儗乕儉,2
偦偺傑傫傑僆僽僕僃 僼傽儈儕乕僼儗乕儉,2
怷偺揤巊,2
揤巊偺憽傝暔,2
彫偝偄庤尒偮偗偨,2
彫偝偄懌尒偮偗偨,2
彫偝偄庤懌傒偮偗偨愱梡丂栘惢僼儗乕儉,1
旘隳僾儗儈傾儉 屼塭愇,2
旘隳僾儗儈傾儉 戝棟愇,2
旘隳A,2
旘隳俛,2
惎嵗暔岅,2
惎嵗暔岅,2
柌撴,2
鉐 ,2
鉐僾儗儈傾儉,2
鉐亂嵎偟懼偊梡亃,2
鉐 僼僅僩僼儗乕儉,2
巚偄弌偄偭傁偄,2
巚偄弌偄偭傁偄亊俀屄僙僢僩,2
巚偄弌偄偭傁偄亊俁屄僙僢僩,2
僽儔僓乕僋儔僂僪,2
僼傽儈儕乕僋儔僂僪A ,2
僄儞僕僃儖僗僩乕儕乕,2
僽儔僓乕僗僩乕儕乕 ,2
僼傽儈儕乕僗僩乕儕乕,2
僄儞僕僃儖 僗僞乕,2
側偐傛偟偙傛偟,2
彫偝側堦曕,2
僽儔僓乕僋儔僂僪,2
僴僢僺乕儊儌儕乕僘,2
僱僀僠儍乕僄儞僕僃儖,2
僱僀僠儍乕僄儞僕僃儖 僾儗儈傾儉,2
怴柌帪寁,2
僼傽乕僗僩 僗僥僢僾 僋儘僢僋,2
僼傽儈儕乕僷乕僥傿乕,2
 偍偄偨偪偺彫敔,2
揤巊偺偸偔傕傝,2
揤巊偺偸偔傕傝 僾儗儈傾儉,2
揤巊偺旝徫傒,2
揤巊偺旝徫傒亊2屄僙僢僩,2
揤巊偺旝徫傒亊俁屄僙僢僩,2
億僢僾傾僢僾丂僄儞僕僃儖,2
億僢僾傾僢僾僽儔僓乕,2
億僢僾傾僢僾僼傽儈儕乕,2
偨傫偠傚偆傕偺偑偨傝,2
怓嵤偺憢,2
怓嵤偺憢 孼掜梡,2
Hamatebako,2
偼偄 偪乕偢,2
僼僅僩儂儖僟乕,2
儊儌儕傾儖僇儗儞僟乕,2
僋儕僗儅僗 傾乕僩 僉乕儂儖僟乕,2
傾僯儅儖傾乕僩侾俆們倣妏僒僀僘,2
傾僯儅儖傾乕僩俀侽們倣妏僒僀僘,2
傾僯儅儖傾乕僩俀俆們倣妏僒僀僘,2
傾僯儅儖傾乕僩孼掜梡,2
僪儕乕儉僆僽 僺僋僠儍乕 僼僅僩僼儗乕儉,2
 僪儕乕儉 僆僽 僺僋僠儍乕僼儗乕儉亊2屄僙僢僩,2
 僪儕乕儉 僆僽 僺僋僠儍乕僼儗乕儉亊俁屄僙僢僩,2
庤宍傾乕僩 懌宍傾乕僩 僼僅僩僼儗乕儉 ,2
偧偆偝傫偺僼傽儈儕乕傾乕僩,2
庤宍傾乕僩 懌宍傾乕僩 儗僓乕僉儍儞僶僗,2
弶愡嬪 僼僅僩僼儗乕儉丂抝偺巕,2
 傾僯儅儖僺儞儃乕僪,2
傌偭偨傫偰偑偨偁乕偲僼儗乕儉,2
傌偭偨傫偰偑偨偁乕偲僼儗乕儉A4,2
傌偭偨傫偰偑偨偁乕偲僼儗乕儉2L,2
Colorful Hand Print T-shirts,2
Cheers!! Foot Art Print T-Shirts,2
Hand Art T-Shirts,2
亂僆僾僔儑儞亃庤懌宆廋惓丒僨僓僀儞椏丒摿媫曋椏嬥,3
僋儕僗僞儖側傢偨偟,2
僋儕僗僞儖側傢偨偟戝,2
僋儕僗僞儖側傢偨偟丂儁僢僩 ,2
怴柌敔,2
揤巊偺憢,2
庤宍 懌宍僉乕儂儖僟乕 僋儕僗僞儖側傢偨偟,2
庤宍偺僉乕儂儖僟乕 僋儕僗僞儖側傢偨偟,2
懌宍偺僉乕儂儖僟乕 僋儕僗僞儖側傢偨偟,2
儈僢僼傿乕庤宍懌宍僉僢僩,1
僆儕僕僫儖庤宍懌宆僉僢僩,1
戝僒僀僘敪怓巻俀枃亊敪怓塼侾僷僢僋,1
戝僒僀僘敪怓巻俀枃亊敪怓塼侾僷僢僋,1
儅僀僄儞僕僃儖僼僅僩僼儗乕儉,2
巚偄弌偺懌愓,2
彫偝偄懌尒偮偗偨丂儁僢僩梡,2
偦偺傑傫傑僔儖僄僢僩,2
憇寬,2
擭庻丂,2
偦偺懠,3
柦柤 僼僅僩僼儗乕儉,2
庤宍傾乕僩僊儍儔儕乕俙4,2
庤宍傾乕僩僊儍儔儕乕俙3,2
僷乕儉僇儔乕僘,1
偼偄億乕僘,2
柦柤 僼僅僩僼儗乕儉Mini,2
僄儞僕僃儖僗儅僀儖,2
Mini leather key ring,2
偦偺傑傫傑僆僽僕僃僼僅僩僼儗乕儉孼掜僞僀僾,2
Monthly丂Banner,1
柦柤Foot Print Photo Flame,2
Love Clock,2
New Born僶僫乕丂,1
Happy Birthday 僶僫乕,1
椷榓丂擭寧擔僶僫乕,1
悢帤僶僫乕丂10屄,1
柤擖傟僾儗乕僩,1
偍柤慜儗僞乕僶僫乕,1
Woody丂傂側忺傝,1
Woody丂屲寧恖宍,1
僶僫乕僼儖僙僢僩,1
偍偟傖傟偐傢偄偄庤懌宍傾乕僩僉乕儂儖僟乕,2
偍偟傖傟偐傢偄偄懌宍傾乕僩僉乕儂儖僟乕,2
偍偟傖傟偐傢偄偄庤宍傾乕僩僉乕儂儖僟乕,2
peaceful key ring,2
painter key ring,2
PICAKE乮僺働乕僉乯,1
僄儞僕僃儖僂傿儞僌,1
WOODEN CHARM,1
揤巊偺偼偹丂栘惢僶僫乕,1
傑偁傞偄揤巊偺栘帪寁,2
惎偵婅偄傪偙傔偰,2
昐擔廽偄丂偍怘偄弶傔僶僫乕,1
巻偵偙偩傢偭偨柦柤彂,1
億僗僞乕僴儞僈乕,1
僷乕儉僇儔乕僘亂柦柤彂亃,1
PER TE ,1
PER TE 庤宍,1
PER TE 懌宍,1
恎挿儀傾丂僼僅僩僼儗乕儉,2
抂屵偺愡嬪丂栘惢柤慜嶥,1
抂屵偺愡嬪丂傾僋儕儖柤慜嶥,1
柤擖傟僉乕儂儖僟乕,1
揤慠栘偺榓暱柦柤僾儗乕僩,1
妚怑恖柤慜僉乕儂儖僟乕,1
傗偝偟偄偭庤,1
僼傽乕僗僩傾乕僩僞僌,1
egao 僽儗僗儗僢僩,1
hug 僱僢僋儗僗 ,1
僼傽乕僗僩傾乕僩僼儖僙僢僩,1
formal丂僽儗僗儗僢僩丂,1
悂偒弌偟丂僶僫乕,1
儅儞僗儕乕僇乕僪僷乕儉僇儔乕僘,1
儅儞僗儕乕僇乕僪,1
儅儞僗儕乕丂僼儗乕儉丂僷乕儉丂,1
儅儞僗儕乕僇乕僪丂傗偝偟偄偭庤,1
僇乕僪丂僼儗乕儉丂傗偝偟偄偭庤,1
僷乕儉僇儔乕僘丂儊僝僇儔乕,1
恎挿寁丂儅儞僗儕乕丂僷乕儉丂僗僞儞僪,1
偼偠傔偰偺偍桭払,2
偆偪偺儗僕僃儞僪,1
挙崗柺斅偺傒(枹棃傊偺壦偗嫶 ),2
偪偄偝側婰擮娰,1
僼傽乕僗僩僇僢僩 傾乕僩 戜巻 ,1
